OrderID,OrderDate,CustomerID,CustomerName,Product,Category,Quantity,UnitPrice,City,PaymentMode
1,2023-07-25,132,Rohit,Table,Furniture,1,42746,Chennai,Card
2,2023-03-03,133,Priya,Watch,Fashion,1,44909,Pune,NetBanking
3,2023-03-25,114,Amit,Watch,Fashion,7,31548,Bangalore,UPI
4,2023-11-10,118,Rohit,Table,Furniture,6,8727,Pune,Cash
5,2023-09-23,140,Ankit,Table,Furniture,10,28708,Chennai,NetBanking
6,2023-07-03,132,Priya,Shoes,Fashion,1,27762,Bangalore,NetBanking
7,2023-05-13,109,Suresh,Chair,Furniture,2,7336,Delhi,UPI
8,2023-01-14,137,Pooja,Laptop,Electronics,9,32768,Chennai,Card
9,2023-05-18,130,Raj,Table,Furniture,10,30771,Pune,UPI
10,2023-10-06,133,Raj,Mobile,Electronics,2,27960,Pune,Cash
11,2023-08-31,139,Amit,Chair,Furniture,9,11090,Pune,Cash
12,2023-04-29,125,Priya,Chair,Furniture,2,29614,Delhi,Cash
13,2023-04-10,110,Amit,Watch,Fashion,3,33279,Pune,Card
14,2023-05-24,145,Raj,Table,Furniture,8,38063,Pune,UPI
15,2023-04-23,141,Pooja,Shoes,Fashion,3,40785,Pune,UPI
16,2023-10-14,134,Pooja,Mobile,Electronics,1,35650,Mumbai,Cash
17,2023-09-28,114,Neha,Table,Furniture,10,35102,Chennai,UPI
18,2023-04-08,149,Amit,Shoes,Fashion,5,10363,Chennai,Card
19,2023-08-13,134,Raj,Mobile,Electronics,6,41677,Chennai,NetBanking
20,2023-04-25,102,Amit,Laptop,Electronics,1,24161,Pune,NetBanking
21,2023-04-12,113,Priya,Chair,Furniture,1,46272,Chennai,Card
22,2023-06-26,142,Ankit,Watch,Fashion,6,5625,Bangalore,UPI
23,2023-10-02,124,Ankit,Mobile,Electronics,9,36474,Pune,Card
24,2023-07-26,145,Pooja,Watch,Fashion,10,35999,Pune,Card
25,2023-12-23,142,Priya,Watch,Fashion,7,33703,Mumbai,UPI
26,2023-10-14,141,Neha,Chair,Furniture,10,8031,Bangalore,UPI
27,2023-09-08,124,Priya,Watch,Fashion,2,47984,Chennai,UPI
28,2023-03-09,110,Raj,Table,Furniture,1,23219,Delhi,Card
29,2023-03-27,109,Priya,Shoes,Fashion,1,5230,Mumbai,Cash
30,2023-01-27,125,Amit,Table,Furniture,1,43543,Mumbai,NetBanking
31,2023-09-25,114,Amit,Shoes,Fashion,1,14576,Delhi,NetBanking
32,2023-10-09,134,Suresh,Table,Furniture,4,47703,Chennai,Cash
33,2023-10-26,116,Ankit,Chair,Furniture,7,24310,Bangalore,UPI
34,2023-06-24,127,Pooja,Chair,Furniture,9,19458,Bangalore,Cash
35,2023-02-25,134,Pooja,Shoes,Fashion,4,35524,Chennai,UPI
36,2023-10-05,113,Neha,Mobile,Electronics,1,41655,Bangalore,UPI
37,2023-12-04,134,Priya,Mobile,Electronics,7,28876,Chennai,Cash
38,2023-05-29,148,Pooja,Chair,Furniture,3,40734,Chennai,NetBanking
39,2023-11-15,114,Rohit,Shoes,Fashion,6,10369,Mumbai,Cash
40,2023-11-02,135,Rohit,Chair,Furniture,5,7033,Pune,Card
41,2023-11-20,114,Suresh,Table,Furniture,5,4630,Chennai,Cash
42,2023-04-16,150,Suresh,Chair,Furniture,9,40992,Chennai,Card
43,2023-01-18,101,Amit,Laptop,Electronics,2,2264,Chennai,Cash
44,2023-08-09,128,Amit,Watch,Fashion,3,12442,Mumbai,Card
45,2023-11-21,127,Amit,Laptop,Electronics,4,34452,Mumbai,UPI
46,2023-03-03,133,Raj,Mobile,Electronics,1,47958,Chennai,Cash
47,2023-10-10,147,Amit,Chair,Furniture,4,44476,Pune,Cash
48,2023-08-22,112,Rohit,Laptop,Electronics,5,7442,Pune,Cash
49,2023-11-05,143,Neha,Shoes,Fashion,2,37247,Bangalore,NetBanking
50,2023-12-14,120,Ankit,Shoes,Fashion,7,15747,Mumbai,Card
51,2023-06-20,119,Pooja,Shoes,Fashion,4,39930,Mumbai,UPI
52,2023-07-27,128,Priya,Watch,Fashion,7,46172,Bangalore,UPI
53,2023-06-01,119,Neha,Mobile,Electronics,10,21328,Mumbai,Card
54,2023-10-20,125,Suresh,Watch,Fashion,2,47520,Pune,NetBanking
55,2023-02-17,142,Suresh,Table,Furniture,10,9814,Delhi,NetBanking
56,2023-08-16,101,Amit,Shoes,Fashion,10,19730,Mumbai,Cash
57,2023-04-04,150,Amit,Laptop,Electronics,3,38313,Mumbai,NetBanking
58,2023-08-08,135,Pooja,Watch,Fashion,8,10199,Delhi,Card
59,2023-04-08,143,Amit,Shoes,Fashion,4,27884,Chennai,Card
60,2023-03-13,115,Raj,Watch,Fashion,4,14281,Delhi,Card
61,2023-05-26,115,Priya,Mobile,Electronics,4,47982,Chennai,Cash
62,2023-05-23,145,Neha,Laptop,Electronics,10,46912,Chennai,NetBanking
63,2023-04-01,110,Amit,Chair,Furniture,10,30309,Chennai,Card
64,2023-09-29,108,Priya,Shoes,Fashion,2,43299,Delhi,NetBanking
65,2023-11-02,131,Ankit,Chair,Furniture,8,18581,Bangalore,Cash
66,2023-08-19,115,Amit,Chair,Furniture,10,47583,Pune,NetBanking
67,2023-05-08,105,Priya,Laptop,Electronics,6,31389,Pune,NetBanking
68,2023-12-13,139,Amit,Chair,Furniture,6,5936,Mumbai,Cash
69,2023-03-13,143,Rohit,Laptop,Electronics,2,9027,Mumbai,Cash
70,2023-01-20,116,Rohit,Laptop,Electronics,7,47968,Mumbai,NetBanking
71,2023-03-09,138,Priya,Mobile,Electronics,4,10369,Mumbai,Cash
72,2023-08-26,142,Neha,Shoes,Fashion,7,4987,Chennai,UPI
73,2023-03-18,145,Priya,Mobile,Electronics,8,35150,Delhi,Cash
74,2023-11-12,143,Amit,Shoes,Fashion,9,12542,Chennai,UPI
75,2023-01-27,116,Priya,Watch,Fashion,5,47779,Delhi,Card
76,2023-01-23,134,Priya,Watch,Fashion,2,41235,Pune,Cash
77,2023-05-23,126,Ankit,Watch,Fashion,2,8590,Delhi,NetBanking
78,2023-07-20,125,Neha,Watch,Fashion,5,41269,Bangalore,Cash
79,2023-07-27,116,Ankit,Chair,Furniture,4,17102,Pune,Cash
80,2023-09-28,145,Priya,Shoes,Fashion,5,15860,Delhi,Cash
81,2023-08-14,105,Pooja,Table,Furniture,4,28453,Pune,Card
82,2023-03-05,138,Raj,Mobile,Electronics,3,20653,Delhi,Cash
83,2023-07-21,127,Amit,Mobile,Electronics,7,5391,Chennai,Cash
84,2023-10-03,143,Amit,Laptop,Electronics,1,24442,Delhi,NetBanking
85,2023-10-04,150,Ankit,Table,Furniture,8,23013,Bangalore,Cash
86,2023-04-27,128,Suresh,Chair,Furniture,6,19112,Pune,UPI
87,2023-12-09,140,Raj,Watch,Fashion,3,31935,Delhi,NetBanking
88,2023-04-28,122,Rohit,Shoes,Fashion,10,44627,Chennai,UPI
89,2023-05-22,113,Pooja,Table,Furniture,3,11708,Mumbai,UPI
90,2023-03-26,123,Ankit,Shoes,Fashion,3,22597,Chennai,Card
91,2023-12-30,142,Priya,Laptop,Electronics,5,17290,Bangalore,UPI
92,2023-11-28,102,Neha,Watch,Fashion,9,15940,Delhi,Card
93,2023-10-19,127,Rohit,Chair,Furniture,1,1563,Chennai,NetBanking
94,2023-07-26,137,Pooja,Laptop,Electronics,3,18753,Mumbai,Card
95,2023-03-16,128,Priya,Watch,Fashion,9,8718,Chennai,UPI
96,2023-10-21,113,Ankit,Watch,Fashion,6,26087,Delhi,Card
97,2023-05-25,142,Rohit,Chair,Furniture,10,33578,Chennai,Cash
98,2023-04-24,147,Raj,Watch,Fashion,9,27746,Bangalore,Cash
99,2023-01-31,114,Rohit,Shoes,Fashion,6,24816,Chennai,NetBanking
100,2023-06-29,119,Rohit,Watch,Fashion,6,35725,Bangalore,NetBanking
101,2023-11-20,129,Suresh,Chair,Furniture,8,11971,Mumbai,Card
102,2023-06-10,127,Neha,Chair,Furniture,5,18594,Pune,UPI
103,2023-11-09,108,Pooja,Mobile,Electronics,8,19572,Chennai,UPI
104,2023-11-26,114,Pooja,Watch,Fashion,7,26993,Mumbai,Cash
105,2023-03-05,126,Amit,Watch,Fashion,8,2085,Mumbai,Card
106,2023-04-06,135,Raj,Shoes,Fashion,9,31661,Pune,Card
107,2023-08-21,141,Pooja,Chair,Furniture,6,8521,Mumbai,UPI
108,2023-09-25,132,Neha,Mobile,Electronics,2,18191,Bangalore,Cash
109,2023-03-08,136,Priya,Mobile,Electronics,4,13032,Mumbai,NetBanking
110,2023-10-12,125,Amit,Watch,Fashion,9,28795,Pune,UPI
111,2023-10-02,120,Rohit,Chair,Furniture,7,4569,Bangalore,NetBanking
112,2023-08-02,125,Rohit,Laptop,Electronics,3,36747,Chennai,Cash
113,2023-07-15,119,Neha,Mobile,Electronics,10,18738,Chennai,NetBanking
114,2023-10-16,136,Priya,Laptop,Electronics,8,40915,Delhi,Card
115,2023-04-03,121,Priya,Chair,Furniture,3,7194,Mumbai,Card
116,2023-04-10,141,Priya,Table,Furniture,4,10185,Pune,Cash
117,2023-03-14,106,Rohit,Table,Furniture,6,3050,Delhi,UPI
118,2023-10-27,126,Raj,Table,Furniture,4,10780,Bangalore,NetBanking
119,2023-05-10,128,Neha,Laptop,Electronics,4,8977,Pune,Cash
120,2023-03-29,105,Neha,Chair,Furniture,8,5772,Mumbai,NetBanking
121,2023-03-22,145,Priya,Watch,Fashion,10,33346,Bangalore,Cash
122,2023-07-15,137,Pooja,Chair,Furniture,3,25274,Chennai,Card
123,2023-01-27,108,Neha,Shoes,Fashion,4,30365,Bangalore,Card
124,2023-11-29,125,Raj,Watch,Fashion,5,40547,Bangalore,UPI
125,2023-03-21,122,Neha,Shoes,Fashion,8,18502,Mumbai,UPI
126,2023-02-02,128,Suresh,Laptop,Electronics,1,43168,Bangalore,Cash
127,2023-07-12,124,Raj,Chair,Furniture,10,11202,Bangalore,Card
128,2023-04-01,102,Priya,Chair,Furniture,7,14083,Mumbai,UPI
129,2023-06-21,110,Neha,Table,Furniture,1,8694,Chennai,Card
130,2023-04-03,134,Ankit,Mobile,Electronics,6,29412,Delhi,Card
131,2023-08-06,118,Neha,Laptop,Electronics,2,35775,Delhi,UPI
132,2023-01-24,107,Priya,Mobile,Electronics,8,5533,Chennai,UPI
133,2023-03-20,130,Rohit,Shoes,Fashion,1,28157,Pune,Card
134,2023-06-15,138,Ankit,Table,Furniture,1,39443,Chennai,Card
135,2023-08-06,102,Neha,Laptop,Electronics,3,39639,Delhi,NetBanking
136,2023-10-12,125,Ankit,Shoes,Fashion,1,39099,Chennai,Cash
137,2023-12-19,124,Priya,Table,Furniture,8,43111,Bangalore,Cash
138,2023-08-26,150,Amit,Shoes,Fashion,4,8757,Bangalore,Card
139,2023-05-01,105,Neha,Chair,Furniture,5,26675,Mumbai,UPI
140,2023-01-07,140,Priya,Laptop,Electronics,4,21898,Mumbai,Card
141,2023-09-05,126,Rohit,Laptop,Electronics,3,17438,Delhi,Card
142,2023-09-08,138,Priya,Table,Furniture,4,47131,Mumbai,Card
143,2023-11-06,143,Priya,Mobile,Electronics,8,3549,Bangalore,UPI
144,2023-08-04,147,Suresh,Laptop,Electronics,10,31404,Mumbai,NetBanking
145,2023-03-30,105,Pooja,Watch,Fashion,2,6504,Mumbai,Card
146,2023-06-03,130,Raj,Mobile,Electronics,5,22129,Bangalore,NetBanking
147,2023-06-02,103,Raj,Shoes,Fashion,6,45955,Chennai,Card
148,2023-06-09,101,Ankit,Shoes,Fashion,6,23031,Chennai,Cash
149,2023-08-26,143,Amit,Table,Furniture,3,27987,Chennai,UPI
150,2023-06-18,112,Amit,Laptop,Electronics,6,35250,Chennai,NetBanking
151,2023-12-15,147,Priya,Watch,Fashion,7,9983,Delhi,Cash
152,2023-04-09,145,Raj,Table,Furniture,7,10829,Delhi,NetBanking
153,2023-01-20,124,Rohit,Shoes,Fashion,8,8782,Delhi,Card
154,2023-09-16,131,Ankit,Table,Furniture,2,43313,Pune,NetBanking
155,2023-09-13,122,Raj,Chair,Furniture,4,30701,Bangalore,UPI
156,2023-04-08,103,Pooja,Shoes,Fashion,9,49794,Mumbai,Card
157,2023-12-19,140,Ankit,Watch,Fashion,3,18172,Chennai,NetBanking
158,2023-02-06,149,Raj,Shoes,Fashion,1,7505,Pune,UPI
159,2023-03-02,142,Suresh,Shoes,Fashion,10,18738,Mumbai,Cash
160,2023-04-02,140,Ankit,Shoes,Fashion,5,38875,Delhi,Card
161,2023-07-31,120,Amit,Table,Furniture,9,46971,Pune,UPI
162,2023-03-10,107,Suresh,Mobile,Electronics,6,16134,Pune,Cash
163,2023-05-21,141,Amit,Watch,Fashion,5,13495,Pune,Card
164,2023-09-18,135,Priya,Chair,Furniture,8,26253,Delhi,Cash
165,2023-04-28,109,Priya,Shoes,Fashion,1,25181,Bangalore,Card
166,2023-06-06,132,Neha,Laptop,Electronics,8,29076,Bangalore,Card
167,2023-05-15,126,Neha,Chair,Furniture,6,21432,Pune,NetBanking
168,2023-08-26,144,Rohit,Mobile,Electronics,9,12109,Bangalore,Card
169,2023-02-16,146,Suresh,Chair,Furniture,9,32782,Delhi,UPI
170,2023-07-21,112,Rohit,Shoes,Fashion,7,42155,Mumbai,NetBanking
171,2023-08-14,115,Priya,Chair,Furniture,5,47028,Pune,NetBanking
172,2023-06-16,113,Suresh,Chair,Furniture,8,42503,Pune,UPI
173,2023-11-10,114,Raj,Chair,Furniture,6,28446,Mumbai,UPI
174,2023-08-17,133,Suresh,Table,Furniture,9,10778,Chennai,Cash
175,2023-06-27,111,Ankit,Chair,Furniture,5,20370,Mumbai,Card
176,2023-05-07,105,Raj,Laptop,Electronics,3,29982,Chennai,Cash
177,2023-02-21,142,Raj,Table,Furniture,5,41774,Mumbai,Card
178,2023-11-23,111,Raj,Table,Furniture,6,10454,Bangalore,Cash
179,2023-09-10,124,Pooja,Mobile,Electronics,7,7951,Chennai,Cash
180,2023-11-16,120,Neha,Chair,Furniture,3,21298,Delhi,Cash
181,2023-08-08,102,Neha,Laptop,Electronics,8,37756,Bangalore,NetBanking
182,2023-12-14,106,Priya,Table,Furniture,10,46368,Chennai,NetBanking
183,2023-12-09,104,Ankit,Laptop,Electronics,7,24109,Delhi,NetBanking
184,2023-08-20,109,Rohit,Shoes,Fashion,3,27452,Bangalore,UPI
185,2023-05-11,102,Ankit,Laptop,Electronics,9,12303,Mumbai,NetBanking
186,2023-01-12,110,Ankit,Laptop,Electronics,2,5943,Pune,Cash
187,2023-02-08,131,Amit,Laptop,Electronics,6,31624,Chennai,NetBanking
188,2023-06-13,110,Priya,Chair,Furniture,7,22314,Chennai,NetBanking
189,2023-02-01,128,Amit,Laptop,Electronics,6,14062,Chennai,UPI
190,2023-01-28,125,Suresh,Chair,Furniture,4,37158,Delhi,UPI
191,2023-09-22,125,Rohit,Watch,Fashion,2,21542,Delhi,Card
192,2023-09-07,125,Neha,Shoes,Fashion,9,16782,Chennai,UPI
193,2023-11-05,101,Priya,Shoes,Fashion,6,41146,Delhi,Card
194,2023-02-16,145,Ankit,Watch,Fashion,10,45280,Mumbai,NetBanking
195,2023-09-09,114,Raj,Mobile,Electronics,9,25285,Bangalore,Card
196,2023-12-13,101,Rohit,Laptop,Electronics,7,42395,Delhi,UPI
197,2023-02-11,120,Suresh,Mobile,Electronics,4,40820,Pune,Cash
198,2023-06-15,146,Neha,Watch,Fashion,5,36816,Chennai,UPI
199,2023-10-11,135,Rohit,Laptop,Electronics,3,32348,Mumbai,NetBanking
200,2023-10-23,129,Rohit,Mobile,Electronics,10,45332,Pune,Cash
201,2023-10-12,127,Neha,Laptop,Electronics,9,520,Pune,Card
202,2023-09-10,127,Pooja,Shoes,Fashion,4,17468,Bangalore,NetBanking
203,2023-08-01,133,Neha,Chair,Furniture,6,10570,Chennai,Card
204,2023-04-13,147,Pooja,Mobile,Electronics,1,32096,Bangalore,Card
205,2023-08-25,132,Rohit,Mobile,Electronics,2,32445,Pune,Card
206,2023-03-19,150,Suresh,Mobile,Electronics,1,2079,Pune,Card
207,2023-10-08,137,Pooja,Watch,Fashion,5,5494,Mumbai,Card
208,2023-09-10,135,Rohit,Chair,Furniture,8,40350,Bangalore,NetBanking
209,2023-02-14,102,Rohit,Watch,Fashion,3,28053,Chennai,Cash
210,2023-06-29,146,Priya,Mobile,Electronics,6,41337,Mumbai,NetBanking
211,2023-07-02,139,Neha,Shoes,Fashion,3,42017,Delhi,NetBanking
212,2023-08-16,112,Neha,Chair,Furniture,6,17683,Chennai,Card
213,2023-07-27,120,Pooja,Watch,Fashion,9,675,Bangalore,NetBanking
214,2023-03-05,124,Priya,Laptop,Electronics,1,41366,Pune,NetBanking
215,2023-03-28,147,Suresh,Chair,Furniture,10,26181,Delhi,NetBanking
216,2023-01-31,120,Amit,Watch,Fashion,9,39304,Mumbai,NetBanking
217,2023-03-29,119,Amit,Shoes,Fashion,6,46915,Delhi,NetBanking
218,2023-08-05,124,Ankit,Laptop,Electronics,1,21039,Delhi,NetBanking
219,2023-05-11,113,Suresh,Mobile,Electronics,3,13583,Mumbai,NetBanking
220,2023-03-22,142,Raj,Laptop,Electronics,6,15866,Pune,NetBanking
221,2023-12-17,101,Rohit,Mobile,Electronics,4,22724,Pune,NetBanking
222,2023-03-03,134,Priya,Watch,Fashion,5,28368,Delhi,Card
223,2023-11-25,117,Rohit,Laptop,Electronics,3,45417,Pune,Cash
224,2023-11-04,145,Rohit,Mobile,Electronics,4,27694,Delhi,Cash
225,2023-08-30,105,Amit,Chair,Furniture,6,40988,Delhi,UPI
226,2023-09-24,123,Ankit,Watch,Fashion,5,44759,Delhi,NetBanking
227,2023-06-07,128,Neha,Mobile,Electronics,2,32542,Delhi,UPI
228,2023-06-02,114,Neha,Watch,Fashion,1,47872,Delhi,NetBanking
229,2023-09-11,144,Raj,Watch,Fashion,7,30299,Pune,UPI
230,2023-06-26,132,Pooja,Table,Furniture,9,34660,Pune,NetBanking
231,2023-02-18,122,Amit,Chair,Furniture,1,27525,Pune,Card
232,2023-11-21,120,Amit,Watch,Fashion,8,1689,Mumbai,UPI
233,2023-07-24,108,Rohit,Laptop,Electronics,9,21510,Pune,UPI
234,2023-07-28,143,Amit,Table,Furniture,2,48985,Chennai,Cash
235,2023-01-03,130,Raj,Laptop,Electronics,4,48158,Delhi,Card
236,2023-04-25,140,Suresh,Chair,Furniture,4,11615,Chennai,NetBanking
237,2023-12-20,111,Suresh,Watch,Fashion,8,16640,Pune,Cash
238,2023-07-17,107,Rohit,Shoes,Fashion,2,5694,Pune,Cash
239,2023-06-04,112,Suresh,Shoes,Fashion,10,28900,Mumbai,UPI
240,2023-06-21,132,Raj,Chair,Furniture,5,20475,Bangalore,Cash
241,2023-07-15,111,Amit,Table,Furniture,9,27092,Bangalore,NetBanking
242,2023-10-20,121,Amit,Laptop,Electronics,5,28120,Delhi,NetBanking
243,2023-02-23,144,Amit,Watch,Fashion,5,26007,Chennai,UPI
244,2023-12-24,143,Pooja,Mobile,Electronics,6,5943,Chennai,Card
245,2023-01-22,132,Pooja,Mobile,Electronics,4,6554,Pune,UPI
246,2023-08-05,140,Rohit,Chair,Furniture,7,21350,Delhi,Card
247,2023-04-29,129,Rohit,Table,Furniture,9,7169,Chennai,Card
248,2023-09-23,147,Priya,Chair,Furniture,10,31145,Pune,NetBanking
249,2023-12-05,117,Neha,Shoes,Fashion,3,21138,Chennai,UPI
250,2023-08-07,142,Raj,Watch,Fashion,6,31806,Mumbai,Cash
251,2023-05-04,112,Amit,Laptop,Electronics,1,37874,Pune,UPI
252,2023-02-18,119,Pooja,Chair,Furniture,4,15994,Bangalore,Card
253,2023-03-22,108,Neha,Table,Furniture,8,32638,Delhi,Cash
254,2024-01-01,133,Neha,Mobile,Electronics,5,15016,Delhi,NetBanking
255,2023-01-13,132,Rohit,Table,Furniture,10,22638,Mumbai,Cash
256,2023-11-16,133,Raj,Table,Furniture,6,10093,Mumbai,NetBanking
257,2023-12-11,137,Pooja,Laptop,Electronics,5,34771,Delhi,Card
258,2023-08-24,140,Suresh,Watch,Fashion,6,24604,Chennai,UPI
259,2023-05-22,141,Suresh,Laptop,Electronics,4,24993,Pune,NetBanking
260,2023-01-21,127,Ankit,Table,Furniture,1,2216,Bangalore,Card
261,2023-06-24,119,Raj,Mobile,Electronics,8,9613,Delhi,Cash
262,2023-07-21,139,Raj,Watch,Fashion,1,47815,Chennai,Card
263,2023-10-18,130,Amit,Chair,Furniture,5,36788,Mumbai,Card
264,2023-03-26,146,Raj,Laptop,Electronics,9,24027,Delhi,UPI
265,2023-11-30,107,Raj,Mobile,Electronics,10,21340,Chennai,Cash
266,2023-08-07,118,Priya,Mobile,Electronics,4,36477,Pune,Card
267,2023-05-07,119,Raj,Shoes,Fashion,4,13224,Bangalore,Cash
268,2023-05-22,148,Pooja,Chair,Furniture,1,10212,Chennai,Cash
269,2023-04-21,132,Neha,Mobile,Electronics,10,13050,Chennai,Card
270,2023-08-23,106,Priya,Laptop,Electronics,8,14682,Delhi,Card
271,2023-01-29,147,Amit,Shoes,Fashion,10,49075,Delhi,UPI
272,2023-03-13,147,Raj,Laptop,Electronics,5,17558,Delhi,NetBanking
273,2023-06-10,121,Ankit,Chair,Furniture,8,38536,Delhi,UPI
274,2023-03-09,123,Rohit,Mobile,Electronics,3,30579,Chennai,Cash
275,2023-09-08,113,Priya,Table,Furniture,3,10531,Delhi,UPI
276,2023-02-02,140,Priya,Watch,Fashion,8,48026,Mumbai,UPI
277,2023-02-21,148,Amit,Mobile,Electronics,7,34334,Delhi,Cash
278,2023-08-21,144,Pooja,Mobile,Electronics,4,35791,Chennai,NetBanking
279,2023-08-19,134,Rohit,Watch,Fashion,9,46917,Delhi,UPI
280,2023-02-04,132,Priya,Watch,Fashion,3,23613,Delhi,Card
281,2023-12-18,149,Ankit,Watch,Fashion,7,16297,Delhi,UPI
282,2023-01-12,107,Suresh,Watch,Fashion,1,45962,Chennai,Card
283,2023-05-24,109,Rohit,Watch,Fashion,5,24124,Delhi,UPI
284,2023-05-27,136,Suresh,Table,Furniture,2,7393,Delhi,UPI
285,2023-01-04,133,Ankit,Table,Furniture,5,2269,Pune,Cash
286,2023-04-18,133,Amit,Shoes,Fashion,4,20945,Bangalore,UPI
287,2023-07-14,111,Priya,Watch,Fashion,8,32104,Mumbai,UPI
288,2023-01-03,149,Priya,Chair,Furniture,9,46062,Pune,Cash
289,2023-03-15,107,Amit,Shoes,Fashion,7,29683,Bangalore,Card
290,2023-11-29,122,Rohit,Chair,Furniture,4,5814,Pune,Cash
291,2023-11-14,147,Amit,Chair,Furniture,7,16421,Mumbai,Card
292,2023-01-07,107,Pooja,Laptop,Electronics,8,8430,Chennai,UPI
293,2023-03-17,111,Amit,Shoes,Fashion,4,23691,Delhi,Card
294,2023-02-05,111,Priya,Chair,Furniture,7,29412,Mumbai,NetBanking
295,2023-10-01,146,Pooja,Shoes,Fashion,10,8709,Mumbai,Cash
296,2023-02-26,109,Neha,Chair,Furniture,2,14755,Bangalore,Cash
297,2023-10-03,122,Amit,Laptop,Electronics,8,2527,Delhi,NetBanking
298,2023-11-08,127,Pooja,Table,Furniture,5,22472,Pune,Card
299,2023-04-04,105,Rohit,Table,Furniture,4,14835,Chennai,UPI
300,2023-09-04,147,Pooja,Mobile,Electronics,4,44674,Bangalore,NetBanking
301,2023-06-18,144,Suresh,Table,Furniture,4,49394,Bangalore,UPI
302,2023-02-01,138,Suresh,Chair,Furniture,6,17380,Delhi,NetBanking
303,2023-01-07,128,Priya,Watch,Fashion,8,7183,Delhi,Cash
304,2023-11-30,116,Suresh,Chair,Furniture,6,7958,Bangalore,Cash
305,2023-09-29,130,Pooja,Laptop,Electronics,10,19491,Pune,Cash
306,2023-11-05,123,Neha,Mobile,Electronics,9,29359,Delhi,UPI
307,2023-10-09,138,Raj,Laptop,Electronics,6,47872,Chennai,UPI
308,2023-01-08,147,Raj,Watch,Fashion,2,36639,Delhi,Cash
309,2023-06-10,128,Suresh,Table,Furniture,7,2479,Chennai,NetBanking
310,2023-07-07,131,Raj,Mobile,Electronics,6,42300,Mumbai,NetBanking
311,2023-12-02,128,Rohit,Watch,Fashion,6,41393,Chennai,NetBanking
312,2023-04-13,139,Amit,Laptop,Electronics,2,18346,Pune,UPI
313,2023-01-24,122,Priya,Table,Furniture,5,606,Chennai,UPI
314,2023-02-19,146,Priya,Laptop,Electronics,6,21714,Pune,NetBanking
315,2023-10-02,128,Pooja,Mobile,Electronics,10,37313,Delhi,Card
316,2023-11-19,137,Amit,Watch,Fashion,1,2750,Bangalore,Cash
317,2023-06-17,114,Rohit,Laptop,Electronics,4,26117,Bangalore,NetBanking
318,2023-05-11,101,Neha,Chair,Furniture,2,22933,Bangalore,Card
319,2023-02-10,117,Priya,Shoes,Fashion,7,39611,Chennai,Cash
320,2023-03-28,102,Amit,Shoes,Fashion,7,19366,Mumbai,Card
321,2023-12-10,137,Ankit,Watch,Fashion,4,44038,Delhi,Cash
322,2023-08-12,127,Neha,Mobile,Electronics,6,5567,Bangalore,Cash
323,2023-05-07,135,Priya,Shoes,Fashion,5,12986,Pune,NetBanking
324,2023-07-13,127,Neha,Watch,Fashion,3,29758,Pune,UPI
325,2023-05-22,107,Neha,Shoes,Fashion,1,31843,Chennai,Cash
326,2023-11-05,125,Rohit,Table,Furniture,9,27229,Mumbai,Cash
327,2023-11-22,141,Suresh,Watch,Fashion,7,5537,Bangalore,Card
328,2023-09-21,103,Pooja,Chair,Furniture,2,26314,Chennai,NetBanking
329,2023-07-14,132,Raj,Table,Furniture,7,8986,Chennai,UPI
330,2023-07-05,108,Suresh,Table,Furniture,5,595,Pune,Cash
331,2023-02-28,134,Pooja,Laptop,Electronics,5,3122,Delhi,UPI
332,2023-09-03,127,Rohit,Chair,Furniture,7,7690,Delhi,UPI
333,2023-10-04,107,Ankit,Laptop,Electronics,5,3940,Mumbai,NetBanking
334,2023-11-23,127,Priya,Chair,Furniture,9,14209,Pune,NetBanking
335,2023-05-06,109,Priya,Watch,Fashion,6,46274,Bangalore,Cash
336,2023-10-27,106,Neha,Table,Furniture,5,27926,Bangalore,UPI
337,2023-11-02,120,Ankit,Laptop,Electronics,3,10037,Bangalore,Cash
338,2023-09-14,130,Raj,Table,Furniture,6,47795,Mumbai,UPI
339,2023-08-09,144,Ankit,Chair,Furniture,3,17448,Bangalore,Card
340,2023-01-22,120,Suresh,Shoes,Fashion,4,48804,Delhi,Card
341,2023-11-10,110,Priya,Shoes,Fashion,6,9012,Bangalore,Cash
342,2023-05-10,141,Pooja,Table,Furniture,10,16893,Chennai,UPI
343,2023-12-30,104,Ankit,Laptop,Electronics,10,32718,Chennai,NetBanking
344,2023-06-16,103,Rohit,Table,Furniture,6,24711,Pune,UPI
345,2023-12-27,150,Suresh,Chair,Furniture,7,35112,Mumbai,UPI
346,2023-07-13,131,Amit,Watch,Fashion,4,9452,Bangalore,Cash
347,2023-05-11,136,Rohit,Shoes,Fashion,6,43325,Pune,NetBanking
348,2023-08-15,141,Ankit,Table,Furniture,2,24327,Pune,Card
349,2023-03-02,140,Suresh,Mobile,Electronics,5,13499,Mumbai,NetBanking
350,2023-01-09,113,Neha,Table,Furniture,4,2204,Mumbai,NetBanking
351,2023-12-21,131,Rohit,Laptop,Electronics,6,27463,Delhi,Cash
352,2023-07-30,111,Priya,Shoes,Fashion,1,14269,Mumbai,UPI
353,2023-10-09,128,Suresh,Shoes,Fashion,8,41271,Bangalore,UPI
354,2023-01-15,118,Neha,Mobile,Electronics,4,24321,Chennai,Card
355,2023-05-03,128,Rohit,Table,Furniture,9,27793,Delhi,Card
356,2023-11-10,143,Ankit,Table,Furniture,8,46636,Pune,Card
357,2023-05-30,135,Raj,Watch,Fashion,8,37846,Chennai,UPI
358,2023-09-02,124,Neha,Mobile,Electronics,2,18420,Pune,Cash
359,2023-02-03,101,Neha,Shoes,Fashion,10,44629,Pune,NetBanking
360,2023-09-27,150,Raj,Chair,Furniture,8,5654,Chennai,UPI
361,2023-03-06,147,Neha,Laptop,Electronics,5,3063,Bangalore,Cash
362,2023-06-01,112,Raj,Mobile,Electronics,5,9033,Pune,NetBanking
363,2023-11-13,131,Neha,Mobile,Electronics,4,25940,Chennai,Card
364,2023-07-13,123,Priya,Chair,Furniture,6,43571,Bangalore,UPI
365,2023-07-10,135,Pooja,Shoes,Fashion,9,32661,Chennai,UPI
366,2023-06-27,141,Priya,Mobile,Electronics,8,31408,Mumbai,Card
367,2023-05-24,143,Priya,Chair,Furniture,5,44250,Chennai,Card
368,2023-09-26,112,Neha,Mobile,Electronics,4,48622,Bangalore,UPI
369,2023-12-23,146,Priya,Shoes,Fashion,9,9716,Mumbai,NetBanking
370,2023-12-02,103,Amit,Mobile,Electronics,9,30215,Mumbai,Card
371,2023-06-03,127,Priya,Watch,Fashion,8,40199,Pune,Card
372,2023-10-02,101,Amit,Watch,Fashion,3,47182,Chennai,Card
373,2023-12-14,127,Raj,Chair,Furniture,5,1220,Pune,Card
374,2023-03-27,133,Raj,Mobile,Electronics,9,18993,Delhi,Card
375,2023-11-28,120,Rohit,Chair,Furniture,3,14097,Bangalore,UPI
376,2023-08-29,149,Raj,Watch,Fashion,2,8273,Pune,NetBanking
377,2023-10-03,137,Ankit,Watch,Fashion,4,46573,Delhi,UPI
378,2023-05-15,104,Priya,Shoes,Fashion,3,28351,Bangalore,Card
379,2023-08-18,133,Neha,Watch,Fashion,5,19827,Chennai,Cash
380,2023-11-20,138,Ankit,Mobile,Electronics,4,19290,Bangalore,UPI
381,2023-07-30,134,Priya,Mobile,Electronics,10,6641,Mumbai,NetBanking
382,2023-06-22,120,Ankit,Watch,Fashion,5,5002,Chennai,Card
383,2023-06-18,116,Priya,Mobile,Electronics,5,44329,Mumbai,UPI
384,2023-11-11,112,Rohit,Shoes,Fashion,2,18129,Mumbai,NetBanking
385,2023-04-29,120,Ankit,Table,Furniture,1,35788,Mumbai,Cash
386,2023-04-18,107,Pooja,Table,Furniture,7,10235,Bangalore,Card
387,2023-09-09,147,Ankit,Chair,Furniture,5,40232,Bangalore,NetBanking
388,2023-09-02,140,Amit,Watch,Fashion,5,8584,Pune,UPI
389,2023-03-11,131,Pooja,Mobile,Electronics,2,28563,Mumbai,Card
390,2023-09-18,111,Priya,Chair,Furniture,7,36635,Bangalore,UPI
391,2023-01-16,108,Neha,Chair,Furniture,3,20590,Delhi,NetBanking
392,2023-01-15,134,Rohit,Laptop,Electronics,7,24037,Bangalore,UPI
393,2023-01-10,121,Amit,Chair,Furniture,5,22851,Pune,NetBanking
394,2023-09-03,121,Pooja,Laptop,Electronics,4,6945,Delhi,Card
395,2023-09-21,117,Suresh,Shoes,Fashion,4,41793,Mumbai,UPI
396,2023-01-31,121,Neha,Mobile,Electronics,9,4060,Bangalore,NetBanking
397,2023-12-08,107,Priya,Laptop,Electronics,1,15089,Delhi,Cash
398,2023-01-01,119,Ankit,Mobile,Electronics,10,3269,Pune,UPI
399,2023-07-27,149,Rohit,Shoes,Fashion,6,3275,Delhi,Cash
400,2023-02-26,150,Suresh,Table,Furniture,7,3057,Pune,Card
401,2023-03-02,134,Suresh,Mobile,Electronics,10,19222,Bangalore,Cash
402,2023-11-24,142,Priya,Watch,Fashion,8,18576,Chennai,Card
403,2023-02-19,123,Neha,Shoes,Fashion,3,27326,Bangalore,NetBanking
404,2023-12-15,133,Priya,Table,Furniture,8,10691,Delhi,Cash
405,2023-02-11,110,Pooja,Laptop,Electronics,6,16799,Chennai,Card
406,2023-07-17,119,Priya,Watch,Fashion,8,10314,Bangalore,UPI
407,2023-03-03,146,Amit,Watch,Fashion,9,31158,Chennai,NetBanking
408,2023-12-04,116,Ankit,Table,Furniture,3,39705,Pune,Cash
409,2023-01-20,113,Neha,Laptop,Electronics,5,24181,Chennai,NetBanking
410,2023-05-07,135,Suresh,Table,Furniture,9,8090,Mumbai,Card
411,2023-06-24,124,Amit,Table,Furniture,6,20778,Delhi,Card
412,2023-10-07,120,Priya,Shoes,Fashion,7,19857,Mumbai,NetBanking
413,2023-08-01,148,Pooja,Shoes,Fashion,10,20532,Pune,NetBanking
414,2023-08-21,143,Raj,Chair,Furniture,10,35486,Mumbai,UPI
415,2023-11-17,142,Pooja,Table,Furniture,5,42890,Mumbai,Cash
416,2023-11-12,144,Raj,Laptop,Electronics,1,33394,Chennai,Card
417,2023-08-19,136,Priya,Watch,Fashion,3,4635,Chennai,UPI
418,2023-06-05,112,Ankit,Table,Furniture,10,41534,Mumbai,UPI
419,2023-05-10,135,Suresh,Chair,Furniture,7,30241,Mumbai,UPI
420,2023-02-22,139,Pooja,Table,Furniture,9,3429,Mumbai,NetBanking
421,2023-09-04,119,Neha,Shoes,Fashion,8,6985,Pune,NetBanking
422,2023-06-16,129,Rohit,Shoes,Fashion,1,39149,Pune,UPI
423,2023-02-03,107,Ankit,Chair,Furniture,4,11350,Mumbai,Cash
424,2023-10-23,121,Suresh,Laptop,Electronics,9,13684,Delhi,Card
425,2023-05-13,105,Rohit,Shoes,Fashion,10,37350,Mumbai,Cash
426,2023-09-25,150,Ankit,Mobile,Electronics,10,34989,Bangalore,NetBanking
427,2023-05-03,136,Suresh,Mobile,Electronics,1,4215,Mumbai,Cash
428,2023-08-24,139,Rohit,Mobile,Electronics,8,46645,Delhi,UPI
429,2023-04-22,129,Ankit,Shoes,Fashion,4,10493,Mumbai,Card
430,2023-08-08,118,Raj,Shoes,Fashion,9,7698,Bangalore,NetBanking
431,2023-07-13,101,Priya,Shoes,Fashion,2,3703,Pune,NetBanking
432,2023-03-27,105,Raj,Table,Furniture,7,41623,Chennai,UPI
433,2023-09-25,144,Amit,Watch,Fashion,5,36725,Mumbai,Card
434,2023-08-17,149,Rohit,Chair,Furniture,4,39682,Mumbai,UPI
435,2023-08-22,148,Priya,Mobile,Electronics,3,44866,Delhi,NetBanking
436,2023-07-05,134,Neha,Shoes,Fashion,4,41881,Delhi,Cash
437,2023-08-26,122,Pooja,Watch,Fashion,7,17265,Bangalore,NetBanking
438,2023-03-26,150,Raj,Chair,Furniture,8,30055,Pune,NetBanking
439,2023-06-03,117,Ankit,Table,Furniture,4,18344,Pune,Cash
440,2023-05-06,133,Priya,Table,Furniture,5,41710,Bangalore,Card
441,2023-01-15,121,Suresh,Mobile,Electronics,9,22453,Pune,UPI
442,2023-03-02,125,Priya,Watch,Fashion,8,32268,Pune,NetBanking
443,2023-11-02,128,Neha,Laptop,Electronics,10,43369,Bangalore,UPI
444,2023-05-07,136,Amit,Laptop,Electronics,5,30609,Bangalore,Cash
445,2023-11-21,102,Rohit,Mobile,Electronics,6,38812,Pune,Cash
446,2023-06-01,115,Raj,Table,Furniture,5,25072,Pune,Cash
447,2023-09-15,122,Amit,Laptop,Electronics,7,45931,Delhi,Card
448,2023-10-15,129,Ankit,Watch,Fashion,7,44183,Pune,Cash
449,2023-12-17,139,Rohit,Chair,Furniture,4,35920,Delhi,Cash
450,2023-06-22,104,Pooja,Laptop,Electronics,3,24023,Pune,UPI
451,2023-10-24,114,Raj,Laptop,Electronics,2,41931,Chennai,NetBanking
452,2023-08-12,103,Raj,Shoes,Fashion,1,19853,Delhi,Cash
453,2023-01-23,113,Pooja,Table,Furniture,3,18575,Pune,Card
454,2023-04-02,120,Priya,Table,Furniture,3,41611,Delhi,NetBanking
455,2023-12-22,133,Pooja,Chair,Furniture,4,1116,Chennai,Cash
456,2023-04-18,147,Pooja,Table,Furniture,7,35973,Delhi,Card
457,2023-09-11,131,Raj,Table,Furniture,10,9440,Delhi,Card
458,2023-06-02,120,Pooja,Chair,Furniture,4,34917,Delhi,NetBanking
459,2023-03-30,104,Ankit,Watch,Fashion,3,23065,Delhi,UPI
460,2023-12-13,133,Ankit,Mobile,Electronics,3,44106,Mumbai,UPI
461,2023-09-26,112,Raj,Table,Furniture,9,43617,Delhi,NetBanking
462,2023-06-19,140,Amit,Watch,Fashion,6,32751,Bangalore,Card
463,2023-10-25,139,Suresh,Laptop,Electronics,3,41156,Chennai,NetBanking
464,2023-06-29,106,Ankit,Chair,Furniture,9,7670,Chennai,UPI
465,2023-10-13,142,Amit,Laptop,Electronics,2,43734,Mumbai,Card
466,2023-07-26,121,Raj,Shoes,Fashion,1,35839,Mumbai,Card
467,2023-03-21,137,Pooja,Table,Furniture,6,2875,Bangalore,UPI
468,2023-01-13,122,Pooja,Chair,Furniture,3,37467,Mumbai,Card
469,2023-09-19,133,Pooja,Mobile,Electronics,9,16247,Delhi,Cash
470,2023-08-17,137,Suresh,Watch,Fashion,8,4639,Pune,UPI
471,2023-12-09,144,Neha,Table,Furniture,5,30939,Delhi,UPI
472,2023-01-18,137,Ankit,Laptop,Electronics,5,47773,Bangalore,NetBanking
473,2023-12-16,111,Ankit,Chair,Furniture,4,13849,Pune,UPI
474,2023-02-18,147,Suresh,Shoes,Fashion,7,36001,Pune,Card
475,2023-07-06,134,Pooja,Mobile,Electronics,9,18520,Chennai,NetBanking
476,2023-05-18,134,Neha,Watch,Fashion,5,4275,Mumbai,Cash
477,2023-07-20,142,Suresh,Chair,Furniture,7,4183,Bangalore,Cash
478,2023-03-10,133,Suresh,Table,Furniture,5,12398,Pune,NetBanking
479,2023-09-23,109,Priya,Watch,Fashion,2,21009,Delhi,UPI
480,2023-09-24,105,Rohit,Shoes,Fashion,6,24220,Delhi,UPI
481,2023-03-06,110,Priya,Laptop,Electronics,10,11462,Chennai,Cash
482,2023-12-25,129,Priya,Laptop,Electronics,7,7417,Mumbai,UPI
483,2023-04-07,128,Suresh,Chair,Furniture,2,23224,Pune,UPI
484,2023-04-20,107,Amit,Watch,Fashion,3,42447,Mumbai,Cash
485,2023-12-01,133,Ankit,Shoes,Fashion,7,10730,Mumbai,NetBanking
486,2023-03-12,140,Ankit,Shoes,Fashion,1,19935,Pune,Cash
487,2023-08-29,101,Amit,Watch,Fashion,4,44815,Chennai,Card
488,2023-11-19,108,Priya,Table,Furniture,8,29463,Chennai,NetBanking
489,2023-05-29,117,Amit,Chair,Furniture,4,15597,Chennai,UPI
490,2023-03-23,129,Priya,Shoes,Fashion,1,19464,Pune,Card
491,2023-06-04,144,Ankit,Mobile,Electronics,2,42597,Mumbai,UPI
492,2023-07-11,111,Suresh,Watch,Fashion,6,21682,Pune,Card
493,2023-08-18,129,Rohit,Watch,Fashion,1,36365,Delhi,NetBanking
494,2023-06-24,118,Suresh,Shoes,Fashion,3,8906,Bangalore,Card
495,2023-02-25,125,Raj,Table,Furniture,2,6922,Delhi,NetBanking
496,2023-05-02,125,Raj,Shoes,Fashion,3,16017,Chennai,NetBanking
497,2023-11-07,112,Ankit,Shoes,Fashion,6,34156,Mumbai,Cash
498,2023-01-03,116,Pooja,Laptop,Electronics,2,11302,Delhi,UPI
499,2023-01-20,110,Rohit,Shoes,Fashion,5,42287,Bangalore,UPI
500,2023-01-01,105,Rohit,Shoes,Fashion,4,23108,Bangalore,Cash
501,2023-05-05,112,Priya,Watch,Fashion,9,25975,Mumbai,UPI
502,2023-05-04,136,Ankit,Mobile,Electronics,8,42123,Delhi,Card
503,2023-01-27,135,Ankit,Watch,Fashion,10,26104,Bangalore,NetBanking
504,2023-06-04,113,Priya,Watch,Fashion,9,23944,Mumbai,Card
505,2023-01-15,117,Ankit,Chair,Furniture,6,18025,Delhi,NetBanking
506,2023-02-02,136,Amit,Chair,Furniture,4,16552,Bangalore,Card
507,2024-01-01,147,Raj,Shoes,Fashion,4,33581,Bangalore,Cash
508,2023-07-13,143,Pooja,Watch,Fashion,3,49228,Delhi,Card
509,2023-03-06,125,Amit,Table,Furniture,5,39545,Bangalore,UPI
510,2023-09-11,120,Neha,Chair,Furniture,5,20773,Delhi,NetBanking
511,2023-08-11,140,Neha,Table,Furniture,3,15915,Bangalore,Cash
512,2023-09-28,137,Amit,Chair,Furniture,8,30222,Pune,Cash
513,2023-11-05,135,Rohit,Shoes,Fashion,3,2875,Chennai,Card
514,2023-02-04,130,Suresh,Watch,Fashion,7,47615,Pune,Card
515,2023-11-25,106,Amit,Chair,Furniture,3,28942,Delhi,NetBanking
516,2023-01-28,148,Pooja,Laptop,Electronics,9,43230,Chennai,UPI
517,2023-05-23,128,Suresh,Chair,Furniture,4,15992,Mumbai,Card
518,2023-05-02,146,Neha,Table,Furniture,10,47184,Pune,NetBanking
519,2023-12-30,123,Rohit,Table,Furniture,3,28134,Mumbai,Card
520,2023-07-06,134,Ankit,Mobile,Electronics,3,17648,Delhi,NetBanking
521,2023-11-03,122,Priya,Laptop,Electronics,8,10544,Delhi,UPI
522,2023-08-29,127,Amit,Shoes,Fashion,8,6149,Delhi,UPI
523,2023-08-03,130,Suresh,Mobile,Electronics,8,44370,Delhi,UPI
524,2023-06-14,132,Ankit,Table,Furniture,8,42771,Pune,Card
525,2023-09-28,133,Priya,Mobile,Electronics,7,6794,Bangalore,Card
526,2023-01-18,121,Pooja,Shoes,Fashion,8,37569,Bangalore,NetBanking
527,2023-05-27,137,Neha,Watch,Fashion,5,11343,Pune,NetBanking
528,2023-08-12,104,Raj,Chair,Furniture,1,22125,Mumbai,Cash
529,2023-03-24,110,Rohit,Laptop,Electronics,5,25552,Mumbai,Card
530,2023-01-26,115,Rohit,Mobile,Electronics,10,6629,Chennai,NetBanking
531,2023-06-13,112,Suresh,Laptop,Electronics,5,41877,Pune,NetBanking
532,2023-06-22,130,Neha,Laptop,Electronics,9,42892,Pune,Cash
533,2023-04-24,142,Neha,Chair,Furniture,10,21040,Mumbai,NetBanking
534,2023-04-29,114,Ankit,Laptop,Electronics,2,6350,Delhi,Cash
535,2023-10-01,133,Raj,Mobile,Electronics,9,15398,Bangalore,UPI
536,2023-10-06,138,Suresh,Shoes,Fashion,10,6900,Pune,NetBanking
537,2023-09-04,101,Amit,Table,Furniture,1,15017,Mumbai,UPI
538,2023-10-12,143,Neha,Watch,Fashion,2,4143,Pune,NetBanking
539,2023-12-09,139,Amit,Laptop,Electronics,2,25430,Bangalore,Cash
540,2023-09-11,140,Pooja,Shoes,Fashion,4,30593,Pune,NetBanking
541,2023-08-23,149,Ankit,Laptop,Electronics,10,38233,Bangalore,Cash
542,2023-08-09,137,Amit,Watch,Fashion,10,40265,Bangalore,NetBanking
543,2023-11-17,135,Neha,Watch,Fashion,9,17538,Mumbai,Card
544,2023-01-19,128,Neha,Shoes,Fashion,6,2567,Delhi,UPI
545,2023-06-20,103,Priya,Mobile,Electronics,7,4700,Chennai,UPI
546,2023-05-27,102,Amit,Mobile,Electronics,6,5663,Bangalore,Card
547,2023-09-08,141,Raj,Laptop,Electronics,9,920,Mumbai,Cash
548,2023-06-10,130,Pooja,Laptop,Electronics,9,41344,Mumbai,Card
549,2023-08-12,104,Amit,Table,Furniture,4,35500,Mumbai,UPI
550,2023-05-08,102,Neha,Laptop,Electronics,4,30172,Chennai,Cash
551,2023-12-04,123,Neha,Laptop,Electronics,2,2748,Delhi,Card
552,2023-01-23,108,Ankit,Chair,Furniture,1,39194,Mumbai,NetBanking
553,2023-06-15,138,Priya,Mobile,Electronics,5,22120,Pune,Cash
554,2023-01-23,112,Suresh,Shoes,Fashion,8,27630,Pune,Card
555,2023-04-29,140,Raj,Watch,Fashion,2,15327,Delhi,NetBanking
556,2023-12-26,103,Raj,Table,Furniture,3,10241,Chennai,NetBanking
557,2023-11-06,135,Neha,Shoes,Fashion,10,19774,Bangalore,Cash
558,2023-07-25,145,Amit,Watch,Fashion,2,7796,Bangalore,Card
559,2023-05-23,111,Rohit,Shoes,Fashion,7,8062,Bangalore,Card
560,2023-11-27,145,Neha,Table,Furniture,9,5394,Bangalore,Card
561,2023-09-13,101,Pooja,Watch,Fashion,5,8541,Mumbai,UPI
562,2023-04-21,133,Raj,Shoes,Fashion,1,3611,Delhi,UPI
563,2023-05-07,128,Rohit,Watch,Fashion,3,28996,Bangalore,Cash
564,2023-10-24,115,Rohit,Watch,Fashion,10,38135,Chennai,Cash
565,2023-03-15,118,Raj,Mobile,Electronics,3,35211,Bangalore,UPI
566,2023-08-13,135,Raj,Watch,Fashion,7,9929,Bangalore,NetBanking
567,2023-11-06,131,Pooja,Laptop,Electronics,8,15950,Delhi,Card
568,2023-07-18,147,Pooja,Shoes,Fashion,8,27457,Pune,UPI
569,2023-08-16,135,Pooja,Mobile,Electronics,6,890,Delhi,UPI
570,2023-01-17,134,Amit,Table,Furniture,3,36035,Delhi,UPI
571,2023-08-14,149,Amit,Laptop,Electronics,1,33095,Pune,Card
572,2023-07-17,104,Suresh,Watch,Fashion,3,4523,Bangalore,Cash
573,2023-04-10,119,Raj,Mobile,Electronics,5,31209,Chennai,Card
574,2023-05-16,141,Rohit,Table,Furniture,5,4193,Mumbai,Cash
575,2023-08-12,124,Pooja,Shoes,Fashion,1,12211,Bangalore,NetBanking
576,2023-05-27,106,Suresh,Laptop,Electronics,3,11923,Delhi,Cash
577,2023-01-11,116,Pooja,Watch,Fashion,9,17555,Delhi,Cash
578,2023-11-30,118,Raj,Shoes,Fashion,9,31460,Delhi,UPI
579,2023-04-03,129,Raj,Mobile,Electronics,1,22907,Pune,Card
580,2023-09-10,107,Neha,Laptop,Electronics,4,8024,Mumbai,NetBanking
581,2023-10-16,132,Amit,Laptop,Electronics,10,24391,Mumbai,Card
582,2023-08-29,101,Neha,Mobile,Electronics,3,22936,Chennai,Cash
583,2023-09-15,133,Priya,Watch,Fashion,6,8569,Mumbai,Card
584,2023-12-22,120,Rohit,Laptop,Electronics,10,32464,Pune,UPI
585,2023-08-02,110,Raj,Shoes,Fashion,3,48659,Bangalore,Cash
586,2023-12-27,143,Pooja,Chair,Furniture,6,43366,Mumbai,Cash
587,2023-07-20,101,Pooja,Mobile,Electronics,7,40829,Bangalore,UPI
588,2023-03-31,131,Rohit,Table,Furniture,8,33933,Pune,UPI
589,2023-05-30,107,Pooja,Watch,Fashion,4,28632,Delhi,Cash
590,2023-10-04,128,Neha,Table,Furniture,9,5642,Delhi,Card
591,2023-08-18,126,Ankit,Shoes,Fashion,9,48937,Pune,Cash
592,2023-07-24,115,Neha,Mobile,Electronics,3,1131,Bangalore,NetBanking
593,2023-11-22,123,Suresh,Laptop,Electronics,6,3888,Delhi,Cash
594,2023-01-07,135,Ankit,Chair,Furniture,10,21963,Mumbai,Cash
595,2023-07-24,124,Suresh,Table,Furniture,9,14026,Bangalore,Card
596,2023-07-24,125,Ankit,Mobile,Electronics,8,33432,Delhi,NetBanking
597,2023-10-12,123,Ankit,Watch,Fashion,3,45389,Pune,Card
598,2023-05-22,133,Pooja,Table,Furniture,9,4089,Pune,Card
599,2023-06-05,134,Neha,Laptop,Electronics,4,9495,Pune,Cash
600,2023-02-24,112,Priya,Chair,Furniture,8,49044,Bangalore,Cash
601,2023-08-24,111,Neha,Mobile,Electronics,8,34145,Mumbai,UPI
602,2023-01-01,114,Suresh,Laptop,Electronics,6,29270,Mumbai,NetBanking
603,2023-09-23,111,Suresh,Mobile,Electronics,4,14819,Delhi,Cash
604,2023-01-14,137,Suresh,Chair,Furniture,3,19785,Pune,Card
605,2023-01-12,148,Rohit,Mobile,Electronics,2,46920,Delhi,NetBanking
606,2023-07-24,112,Raj,Laptop,Electronics,7,41478,Chennai,Card
607,2023-01-02,149,Ankit,Watch,Fashion,7,2136,Chennai,Cash
608,2023-08-27,108,Priya,Watch,Fashion,8,36982,Mumbai,Cash
609,2023-05-27,125,Neha,Watch,Fashion,3,7279,Chennai,NetBanking
610,2023-09-28,113,Pooja,Mobile,Electronics,1,37912,Chennai,UPI
611,2023-08-11,140,Ankit,Watch,Fashion,2,2529,Bangalore,Cash
612,2023-03-17,114,Ankit,Chair,Furniture,7,3982,Chennai,UPI
613,2023-04-03,112,Ankit,Table,Furniture,3,48875,Pune,Cash
614,2023-12-31,136,Rohit,Laptop,Electronics,4,9648,Mumbai,Card
615,2023-05-03,146,Ankit,Watch,Fashion,8,49474,Bangalore,Cash
616,2023-06-08,133,Rohit,Mobile,Electronics,4,33922,Delhi,Card
617,2023-03-06,144,Rohit,Table,Furniture,9,9152,Delhi,Cash
618,2023-02-02,144,Rohit,Watch,Fashion,5,4860,Chennai,Card
619,2023-11-15,128,Raj,Mobile,Electronics,9,21034,Chennai,Cash
620,2023-02-09,119,Pooja,Table,Furniture,10,7078,Chennai,UPI
621,2023-11-24,105,Ankit,Shoes,Fashion,7,28829,Delhi,Cash
622,2023-11-24,137,Amit,Chair,Furniture,1,12477,Bangalore,UPI
623,2023-06-12,128,Raj,Mobile,Electronics,6,47917,Bangalore,NetBanking
624,2023-07-17,150,Ankit,Mobile,Electronics,2,45439,Chennai,Card
625,2023-12-15,143,Neha,Watch,Fashion,7,46293,Delhi,UPI
626,2023-02-26,101,Pooja,Chair,Furniture,4,26767,Delhi,UPI
627,2023-10-05,134,Priya,Chair,Furniture,4,6863,Chennai,UPI
628,2023-05-19,104,Ankit,Shoes,Fashion,8,19893,Chennai,NetBanking
629,2023-05-04,148,Suresh,Mobile,Electronics,6,27391,Chennai,Card
630,2023-03-16,122,Ankit,Shoes,Fashion,6,40801,Mumbai,Card
631,2023-08-15,113,Amit,Watch,Fashion,5,26858,Delhi,Card
632,2023-05-17,106,Neha,Laptop,Electronics,1,25799,Chennai,UPI
633,2023-05-05,124,Priya,Mobile,Electronics,10,47117,Pune,UPI
634,2023-06-01,122,Suresh,Shoes,Fashion,9,45724,Pune,NetBanking
635,2023-04-29,120,Suresh,Chair,Furniture,1,30307,Delhi,UPI
636,2023-07-29,140,Suresh,Table,Furniture,2,28900,Delhi,Card
637,2023-11-24,148,Neha,Table,Furniture,9,35385,Delhi,Card
638,2023-07-04,147,Neha,Laptop,Electronics,6,35577,Chennai,Cash
639,2023-01-03,136,Priya,Chair,Furniture,6,15638,Delhi,Card
640,2023-10-08,109,Priya,Shoes,Fashion,9,26875,Delhi,Cash
641,2023-07-13,143,Rohit,Watch,Fashion,9,14430,Bangalore,UPI
642,2023-08-27,135,Raj,Laptop,Electronics,10,30044,Chennai,Card
643,2023-06-29,114,Amit,Watch,Fashion,5,42930,Mumbai,UPI
644,2023-12-26,131,Priya,Mobile,Electronics,8,29531,Chennai,UPI
645,2023-12-10,148,Rohit,Chair,Furniture,8,22082,Chennai,UPI
646,2023-09-14,112,Neha,Mobile,Electronics,6,31881,Pune,NetBanking
647,2023-11-15,122,Priya,Shoes,Fashion,5,21519,Delhi,Card
648,2023-02-06,128,Suresh,Chair,Furniture,5,6097,Delhi,UPI
649,2023-07-04,124,Neha,Shoes,Fashion,2,21218,Bangalore,UPI
650,2023-10-16,112,Ankit,Mobile,Electronics,4,7503,Pune,Cash
651,2023-10-09,103,Raj,Table,Furniture,6,40090,Bangalore,NetBanking
652,2023-03-11,132,Suresh,Laptop,Electronics,2,44832,Delhi,UPI
653,2023-01-03,145,Ankit,Shoes,Fashion,2,34937,Chennai,Cash
654,2023-02-24,129,Rohit,Mobile,Electronics,5,1537,Mumbai,UPI
655,2023-12-23,106,Suresh,Table,Furniture,3,15564,Delhi,Cash
656,2023-11-30,115,Pooja,Table,Furniture,5,9540,Mumbai,UPI
657,2023-08-02,110,Ankit,Watch,Fashion,4,6260,Mumbai,UPI
658,2023-11-11,116,Ankit,Shoes,Fashion,2,40651,Bangalore,Cash
659,2023-12-15,121,Pooja,Chair,Furniture,10,11218,Pune,UPI
660,2023-01-20,116,Suresh,Laptop,Electronics,8,11096,Pune,Cash
661,2023-04-19,122,Raj,Shoes,Fashion,2,12929,Mumbai,UPI
662,2023-05-09,132,Amit,Mobile,Electronics,9,12285,Mumbai,UPI
663,2023-04-15,108,Ankit,Table,Furniture,3,32909,Bangalore,NetBanking
664,2023-03-14,131,Ankit,Table,Furniture,6,32963,Pune,Cash
665,2023-06-16,103,Neha,Chair,Furniture,9,31460,Delhi,Cash
666,2023-10-10,141,Priya,Watch,Fashion,9,46980,Pune,NetBanking
667,2023-09-07,147,Priya,Watch,Fashion,10,5077,Pune,NetBanking
668,2023-12-21,138,Neha,Laptop,Electronics,9,37516,Bangalore,Card
669,2023-05-20,131,Neha,Shoes,Fashion,7,24180,Delhi,Cash
670,2023-05-12,139,Suresh,Watch,Fashion,8,2701,Bangalore,Cash
671,2023-03-22,121,Amit,Watch,Fashion,1,32841,Delhi,NetBanking
672,2023-03-13,131,Neha,Mobile,Electronics,9,1467,Chennai,UPI
673,2023-08-05,144,Ankit,Laptop,Electronics,10,16490,Mumbai,NetBanking
674,2023-01-11,143,Priya,Table,Furniture,5,9853,Mumbai,NetBanking
675,2023-02-27,117,Raj,Shoes,Fashion,4,21964,Chennai,Card
676,2023-12-07,104,Raj,Chair,Furniture,9,3594,Bangalore,NetBanking
677,2023-06-02,150,Suresh,Laptop,Electronics,7,29490,Mumbai,NetBanking
678,2023-12-03,113,Amit,Mobile,Electronics,8,14616,Bangalore,Cash
679,2023-01-06,107,Priya,Chair,Furniture,8,47768,Mumbai,Card
680,2023-11-13,120,Rohit,Watch,Fashion,10,6195,Pune,NetBanking
681,2023-02-07,148,Priya,Table,Furniture,1,36505,Chennai,Cash
682,2023-09-08,122,Ankit,Shoes,Fashion,2,9392,Pune,Card
683,2023-10-13,136,Ankit,Mobile,Electronics,3,38974,Delhi,UPI
684,2023-02-20,122,Pooja,Watch,Fashion,7,25730,Pune,Cash
685,2023-04-13,117,Suresh,Mobile,Electronics,8,27321,Chennai,NetBanking
686,2023-05-28,105,Pooja,Chair,Furniture,1,15985,Pune,Cash
687,2023-05-11,148,Amit,Table,Furniture,6,19806,Chennai,Cash
688,2023-07-03,125,Raj,Watch,Fashion,5,26203,Pune,Card
689,2023-05-16,131,Neha,Table,Furniture,2,35732,Delhi,UPI
690,2023-01-02,128,Suresh,Mobile,Electronics,7,29539,Chennai,UPI
691,2023-06-15,104,Amit,Laptop,Electronics,8,33439,Mumbai,Card
692,2023-03-31,109,Amit,Mobile,Electronics,4,6410,Pune,UPI
693,2023-06-08,106,Priya,Watch,Fashion,10,21551,Chennai,Card
694,2023-09-04,111,Suresh,Chair,Furniture,3,22888,Bangalore,Card
695,2023-02-03,116,Pooja,Watch,Fashion,6,13791,Delhi,NetBanking
696,2023-05-11,129,Pooja,Watch,Fashion,5,49745,Pune,UPI
697,2023-05-19,145,Priya,Chair,Furniture,2,45611,Chennai,UPI
698,2023-02-24,149,Pooja,Laptop,Electronics,2,2911,Bangalore,Cash
699,2023-05-28,103,Pooja,Laptop,Electronics,1,29497,Chennai,Cash
700,2023-07-04,109,Amit,Chair,Furniture,7,27750,Chennai,UPI
701,2023-04-01,105,Amit,Shoes,Fashion,7,37314,Chennai,NetBanking
702,2023-03-11,121,Raj,Mobile,Electronics,10,6943,Chennai,NetBanking
703,2023-02-08,123,Suresh,Table,Furniture,3,24405,Bangalore,UPI
704,2023-05-15,140,Amit,Mobile,Electronics,3,7898,Bangalore,UPI
705,2023-10-27,141,Rohit,Laptop,Electronics,9,36888,Chennai,NetBanking
706,2023-06-16,116,Amit,Table,Furniture,7,18700,Bangalore,Card
707,2023-04-16,137,Amit,Mobile,Electronics,8,44936,Chennai,UPI
708,2023-07-15,108,Neha,Shoes,Fashion,6,36606,Chennai,Cash
709,2023-08-12,112,Priya,Mobile,Electronics,5,1542,Mumbai,Cash
710,2023-01-01,127,Raj,Mobile,Electronics,5,6549,Bangalore,Card
711,2023-10-01,107,Suresh,Shoes,Fashion,4,33853,Pune,Cash
712,2023-04-01,126,Rohit,Laptop,Electronics,2,38200,Chennai,NetBanking
713,2023-12-15,146,Priya,Laptop,Electronics,6,18692,Delhi,NetBanking
714,2023-04-26,117,Neha,Mobile,Electronics,9,23609,Mumbai,Card
715,2023-04-22,147,Raj,Watch,Fashion,10,14281,Bangalore,Cash
716,2023-11-21,135,Neha,Shoes,Fashion,3,39399,Pune,Card
717,2023-01-28,105,Neha,Mobile,Electronics,2,37267,Delhi,NetBanking
718,2023-12-07,120,Neha,Table,Furniture,10,38590,Delhi,Cash
719,2023-07-15,110,Rohit,Shoes,Fashion,6,48108,Delhi,Cash
720,2023-06-16,128,Suresh,Shoes,Fashion,2,2420,Mumbai,UPI
721,2023-11-16,105,Pooja,Table,Furniture,4,47196,Bangalore,UPI
722,2023-08-28,145,Neha,Shoes,Fashion,2,36224,Mumbai,Cash
723,2023-09-09,120,Suresh,Laptop,Electronics,8,17956,Bangalore,Card
724,2023-01-24,121,Suresh,Chair,Furniture,6,1999,Chennai,Card
725,2023-01-21,126,Raj,Table,Furniture,9,45904,Bangalore,UPI
726,2023-02-19,121,Amit,Table,Furniture,1,13183,Bangalore,NetBanking
727,2023-10-20,144,Raj,Chair,Furniture,1,14621,Bangalore,Cash
728,2023-05-08,150,Priya,Laptop,Electronics,3,46632,Delhi,Cash
729,2023-10-12,150,Pooja,Watch,Fashion,6,12314,Delhi,Cash
730,2023-06-08,123,Neha,Laptop,Electronics,8,25569,Mumbai,Card
731,2023-06-17,102,Rohit,Watch,Fashion,8,19243,Pune,UPI
732,2023-08-04,119,Neha,Shoes,Fashion,9,42543,Chennai,Card
733,2023-08-26,130,Amit,Watch,Fashion,1,43386,Mumbai,Cash
734,2023-12-05,149,Suresh,Chair,Furniture,9,521,Pune,Cash
735,2023-03-29,118,Suresh,Laptop,Electronics,1,37899,Chennai,UPI
736,2023-02-04,107,Raj,Table,Furniture,1,7478,Chennai,Cash
737,2023-01-22,132,Priya,Chair,Furniture,2,13499,Mumbai,UPI
738,2023-11-07,130,Pooja,Watch,Fashion,10,2534,Chennai,Card
739,2023-03-01,139,Amit,Shoes,Fashion,10,39284,Pune,UPI
740,2023-11-19,106,Priya,Watch,Fashion,6,46569,Bangalore,Cash
741,2023-11-01,137,Neha,Chair,Furniture,7,4317,Pune,Cash
742,2023-09-05,117,Amit,Watch,Fashion,5,8071,Delhi,Card
743,2023-08-15,130,Amit,Shoes,Fashion,4,30203,Delhi,Card
744,2023-02-23,117,Neha,Mobile,Electronics,8,35454,Bangalore,Cash
745,2023-08-13,145,Neha,Chair,Furniture,9,1941,Chennai,UPI
746,2023-07-15,116,Suresh,Table,Furniture,5,38102,Mumbai,Card
747,2023-02-21,145,Neha,Chair,Furniture,9,7276,Mumbai,Card
748,2023-05-14,147,Priya,Mobile,Electronics,1,30498,Chennai,UPI
749,2023-10-23,119,Pooja,Laptop,Electronics,1,7371,Chennai,NetBanking
750,2023-12-04,135,Suresh,Shoes,Fashion,6,9819,Delhi,Cash
751,2023-09-13,119,Priya,Watch,Fashion,10,45999,Delhi,UPI
752,2023-02-06,105,Suresh,Laptop,Electronics,8,27139,Mumbai,UPI
753,2023-11-27,134,Pooja,Shoes,Fashion,6,35637,Delhi,UPI
754,2023-12-07,135,Rohit,Laptop,Electronics,4,40090,Chennai,NetBanking
755,2023-07-19,114,Raj,Watch,Fashion,1,40905,Mumbai,Cash
756,2023-09-28,132,Pooja,Chair,Furniture,7,47804,Chennai,UPI
757,2023-10-14,146,Suresh,Mobile,Electronics,10,23773,Pune,Cash
758,2023-10-14,120,Suresh,Watch,Fashion,3,18868,Bangalore,Card
759,2023-07-10,141,Rohit,Shoes,Fashion,2,7476,Bangalore,UPI
760,2023-05-26,114,Neha,Watch,Fashion,3,28576,Mumbai,UPI
761,2023-09-30,115,Neha,Chair,Furniture,2,39904,Mumbai,NetBanking
762,2023-11-02,103,Ankit,Laptop,Electronics,5,33718,Bangalore,Cash
763,2023-03-04,135,Pooja,Shoes,Fashion,2,24947,Pune,UPI
764,2023-08-30,104,Priya,Mobile,Electronics,8,5146,Chennai,Card
765,2023-12-13,141,Rohit,Laptop,Electronics,9,22401,Pune,NetBanking
766,2023-09-28,133,Ankit,Chair,Furniture,1,46990,Bangalore,NetBanking
767,2023-11-21,125,Pooja,Laptop,Electronics,7,28713,Bangalore,Cash
768,2023-07-05,108,Suresh,Watch,Fashion,4,24509,Bangalore,NetBanking
769,2023-02-21,150,Amit,Watch,Fashion,9,43514,Bangalore,NetBanking
770,2023-06-07,133,Priya,Shoes,Fashion,4,35483,Chennai,Card
771,2023-02-17,101,Rohit,Shoes,Fashion,4,9150,Delhi,NetBanking
772,2023-11-10,116,Rohit,Watch,Fashion,10,13337,Chennai,NetBanking
773,2023-09-04,145,Neha,Table,Furniture,1,38742,Delhi,NetBanking
774,2023-01-12,137,Neha,Chair,Furniture,3,42562,Bangalore,Card
775,2023-06-17,133,Ankit,Table,Furniture,3,13976,Mumbai,Cash
776,2023-06-15,115,Suresh,Chair,Furniture,5,37452,Chennai,Card
777,2023-08-22,141,Priya,Mobile,Electronics,10,32227,Chennai,Cash
778,2023-10-24,136,Priya,Watch,Fashion,5,7639,Bangalore,Card
779,2023-01-14,123,Neha,Watch,Fashion,2,6672,Pune,NetBanking
780,2023-09-03,120,Amit,Mobile,Electronics,7,3394,Bangalore,Card
781,2023-03-05,111,Ankit,Watch,Fashion,8,27423,Delhi,UPI
782,2023-09-10,142,Priya,Mobile,Electronics,4,26285,Delhi,NetBanking
783,2023-11-22,137,Neha,Mobile,Electronics,1,41227,Bangalore,UPI
784,2023-08-24,108,Raj,Mobile,Electronics,5,24491,Pune,Cash
785,2023-10-14,144,Priya,Watch,Fashion,7,32818,Mumbai,Cash
786,2023-05-13,150,Amit,Laptop,Electronics,5,3539,Pune,Card
787,2023-03-11,107,Ankit,Laptop,Electronics,5,12479,Pune,Cash
788,2023-04-01,129,Rohit,Mobile,Electronics,3,5189,Pune,UPI
789,2023-12-28,104,Suresh,Shoes,Fashion,1,31450,Mumbai,UPI
790,2023-01-07,106,Neha,Laptop,Electronics,8,24433,Chennai,Cash
791,2023-04-15,101,Amit,Watch,Fashion,2,30670,Delhi,NetBanking
792,2023-04-14,131,Neha,Mobile,Electronics,8,34723,Mumbai,NetBanking
793,2023-10-07,142,Suresh,Shoes,Fashion,9,49762,Pune,Cash
794,2023-05-19,120,Neha,Laptop,Electronics,1,16723,Mumbai,UPI
795,2023-05-21,145,Neha,Table,Furniture,8,9193,Pune,Card
796,2023-01-03,142,Pooja,Watch,Fashion,5,30735,Chennai,UPI
797,2023-03-23,134,Ankit,Watch,Fashion,9,21751,Pune,Card
798,2023-01-30,149,Amit,Shoes,Fashion,9,30981,Pune,Card
799,2023-08-11,115,Priya,Chair,Furniture,5,22029,Bangalore,UPI
800,2023-08-27,121,Ankit,Mobile,Electronics,10,6049,Delhi,UPI
801,2023-03-31,101,Pooja,Shoes,Fashion,8,42981,Bangalore,UPI
802,2023-01-01,108,Raj,Shoes,Fashion,5,31871,Delhi,Cash
803,2023-06-06,118,Pooja,Chair,Furniture,6,41582,Chennai,Cash
804,2023-11-08,106,Neha,Shoes,Fashion,2,4334,Chennai,Cash
805,2023-10-20,140,Suresh,Watch,Fashion,2,7284,Mumbai,Card
806,2023-07-29,138,Neha,Mobile,Electronics,4,12506,Delhi,UPI
807,2023-01-21,145,Raj,Shoes,Fashion,3,35968,Bangalore,Cash
808,2023-03-10,109,Amit,Shoes,Fashion,6,15517,Delhi,UPI
809,2023-11-16,136,Priya,Table,Furniture,7,36935,Mumbai,Card
810,2023-03-02,137,Priya,Laptop,Electronics,8,39691,Delhi,Card
811,2023-07-02,116,Amit,Chair,Furniture,8,23921,Bangalore,Cash
812,2023-07-24,120,Pooja,Chair,Furniture,4,18881,Pune,UPI
813,2023-04-29,147,Priya,Mobile,Electronics,10,7045,Chennai,UPI
814,2023-03-09,106,Pooja,Mobile,Electronics,10,12007,Bangalore,Cash
815,2023-11-27,121,Priya,Table,Furniture,5,34906,Mumbai,NetBanking
816,2023-12-30,140,Neha,Laptop,Electronics,1,39378,Delhi,Cash
817,2023-03-29,125,Raj,Laptop,Electronics,6,11360,Chennai,UPI
818,2023-10-03,118,Neha,Watch,Fashion,1,38302,Bangalore,UPI
819,2023-07-30,135,Neha,Mobile,Electronics,5,30139,Delhi,NetBanking
820,2023-05-08,118,Raj,Table,Furniture,9,24918,Mumbai,Card
821,2023-02-27,120,Neha,Laptop,Electronics,9,35912,Bangalore,NetBanking
822,2023-07-16,107,Ankit,Table,Furniture,4,46070,Bangalore,UPI
823,2023-12-11,104,Priya,Watch,Fashion,1,5744,Delhi,Card
824,2023-02-07,149,Ankit,Shoes,Fashion,3,8931,Mumbai,Card
825,2023-10-14,126,Amit,Chair,Furniture,4,4909,Pune,NetBanking
826,2023-09-30,109,Pooja,Mobile,Electronics,3,47653,Mumbai,NetBanking
827,2023-08-08,103,Pooja,Laptop,Electronics,5,4843,Pune,Cash
828,2023-01-23,123,Priya,Watch,Fashion,10,7815,Bangalore,Card
829,2023-12-11,108,Rohit,Mobile,Electronics,8,35890,Delhi,Card
830,2023-11-10,126,Pooja,Watch,Fashion,3,29464,Bangalore,UPI
831,2023-07-01,138,Amit,Mobile,Electronics,7,32710,Pune,Cash
832,2023-06-26,138,Rohit,Chair,Furniture,7,38920,Chennai,Card
833,2023-04-13,128,Suresh,Laptop,Electronics,1,9990,Delhi,NetBanking
834,2023-03-22,150,Raj,Table,Furniture,10,44157,Delhi,UPI
835,2023-08-26,114,Ankit,Chair,Furniture,2,20506,Delhi,Card
836,2023-06-06,145,Rohit,Shoes,Fashion,4,42250,Pune,Card
837,2023-10-11,140,Amit,Laptop,Electronics,3,46570,Pune,Card
838,2023-04-01,146,Neha,Laptop,Electronics,5,5722,Bangalore,Cash
839,2023-11-11,108,Pooja,Shoes,Fashion,4,36730,Pune,Cash
840,2023-09-16,149,Ankit,Mobile,Electronics,8,37336,Pune,Card
841,2023-08-12,135,Suresh,Watch,Fashion,2,16240,Bangalore,Cash
842,2023-04-23,142,Rohit,Laptop,Electronics,3,46274,Bangalore,Cash
843,2023-08-26,133,Suresh,Mobile,Electronics,10,48620,Delhi,Card
844,2023-01-06,128,Raj,Watch,Fashion,6,21155,Delhi,Card
845,2023-01-27,135,Amit,Laptop,Electronics,8,46667,Pune,UPI
846,2023-01-22,150,Priya,Chair,Furniture,7,33573,Mumbai,NetBanking
847,2023-07-19,102,Ankit,Chair,Furniture,9,22650,Mumbai,Cash
848,2023-01-07,136,Rohit,Laptop,Electronics,6,32446,Chennai,UPI
849,2023-12-01,126,Amit,Watch,Fashion,9,31684,Pune,NetBanking
850,2023-12-18,124,Rohit,Shoes,Fashion,5,33273,Bangalore,UPI
851,2023-07-01,120,Amit,Watch,Fashion,9,21936,Mumbai,Card
852,2023-03-27,122,Ankit,Table,Furniture,7,42218,Chennai,UPI
853,2023-03-04,136,Priya,Laptop,Electronics,6,4119,Delhi,Cash
854,2023-10-04,112,Neha,Chair,Furniture,10,36166,Mumbai,Cash
855,2023-12-23,101,Amit,Table,Furniture,3,18108,Mumbai,UPI
856,2023-12-19,108,Pooja,Watch,Fashion,2,15018,Pune,Cash
857,2023-04-04,126,Ankit,Table,Furniture,8,6486,Chennai,NetBanking
858,2023-05-26,128,Amit,Table,Furniture,7,44782,Delhi,Cash
859,2023-04-12,137,Ankit,Table,Furniture,4,13409,Delhi,Cash
860,2023-01-01,144,Suresh,Watch,Fashion,10,7017,Pune,Card
861,2023-08-04,111,Amit,Chair,Furniture,6,16282,Bangalore,Cash
862,2023-06-12,123,Amit,Watch,Fashion,1,21144,Mumbai,NetBanking
863,2023-12-02,106,Pooja,Shoes,Fashion,2,14776,Pune,Cash
864,2023-08-16,136,Suresh,Chair,Furniture,6,9854,Pune,Card
865,2023-10-02,124,Priya,Laptop,Electronics,4,4141,Pune,NetBanking
866,2023-12-30,140,Pooja,Mobile,Electronics,6,9778,Pune,Cash
867,2023-05-05,131,Rohit,Shoes,Fashion,7,29172,Pune,Card
868,2023-02-22,132,Ankit,Laptop,Electronics,5,32060,Bangalore,Cash
869,2023-08-06,113,Ankit,Laptop,Electronics,1,10479,Bangalore,NetBanking
870,2023-02-08,136,Amit,Shoes,Fashion,7,21228,Chennai,NetBanking
871,2023-12-09,118,Ankit,Chair,Furniture,3,38733,Delhi,UPI
872,2023-11-27,130,Priya,Laptop,Electronics,5,29537,Delhi,Cash
873,2023-08-09,108,Suresh,Watch,Fashion,5,9740,Bangalore,Card
874,2023-09-11,122,Suresh,Chair,Furniture,4,5398,Pune,UPI
875,2023-03-01,127,Priya,Chair,Furniture,2,46409,Delhi,Cash
876,2023-06-03,103,Pooja,Mobile,Electronics,5,20717,Chennai,Card
877,2023-02-15,116,Ankit,Shoes,Fashion,7,1224,Pune,Card
878,2023-10-30,108,Amit,Table,Furniture,6,39094,Delhi,UPI
879,2023-08-10,139,Neha,Laptop,Electronics,3,15461,Bangalore,Card
880,2023-06-10,106,Ankit,Chair,Furniture,4,44738,Pune,Cash
881,2023-04-11,109,Ankit,Shoes,Fashion,3,41205,Chennai,Cash
882,2023-01-19,118,Raj,Table,Furniture,3,27736,Bangalore,Card
883,2023-10-24,116,Ankit,Laptop,Electronics,4,25955,Mumbai,Card
884,2023-02-07,150,Pooja,Table,Furniture,6,42783,Delhi,NetBanking
885,2023-08-05,101,Amit,Watch,Fashion,5,40872,Mumbai,Cash
886,2023-08-14,103,Rohit,Chair,Furniture,5,22263,Bangalore,Cash
887,2023-12-27,129,Pooja,Watch,Fashion,7,15850,Chennai,UPI
888,2023-03-04,128,Amit,Chair,Furniture,1,35192,Delhi,UPI
889,2023-07-11,103,Ankit,Table,Furniture,5,36032,Delhi,Cash
890,2023-10-20,141,Neha,Table,Furniture,3,5400,Pune,NetBanking
891,2023-02-04,135,Pooja,Laptop,Electronics,7,22607,Pune,NetBanking
892,2023-05-23,115,Neha,Laptop,Electronics,5,43615,Mumbai,Card
893,2023-08-28,125,Neha,Chair,Furniture,9,43230,Bangalore,Card
894,2023-05-18,148,Rohit,Laptop,Electronics,8,10808,Pune,Cash
895,2023-03-21,136,Pooja,Laptop,Electronics,4,23987,Delhi,NetBanking
896,2023-11-27,123,Raj,Chair,Furniture,3,34373,Mumbai,NetBanking
897,2023-09-15,111,Rohit,Shoes,Fashion,8,19679,Delhi,Cash
898,2023-05-24,115,Amit,Laptop,Electronics,8,49816,Chennai,NetBanking
899,2023-03-08,130,Ankit,Watch,Fashion,7,38281,Pune,UPI
900,2023-10-21,119,Pooja,Mobile,Electronics,9,9071,Delhi,NetBanking
901,2023-04-15,101,Priya,Table,Furniture,10,36042,Chennai,Card
902,2023-05-19,120,Rohit,Table,Furniture,9,14739,Pune,Cash
903,2023-01-23,110,Neha,Shoes,Fashion,9,16348,Bangalore,Card
904,2023-06-29,136,Priya,Watch,Fashion,8,10851,Pune,Card
905,2023-08-10,115,Amit,Table,Furniture,2,42213,Chennai,UPI
906,2023-07-11,115,Amit,Mobile,Electronics,2,25130,Delhi,Cash
907,2023-12-15,141,Rohit,Mobile,Electronics,6,11348,Bangalore,Card
908,2023-05-22,139,Priya,Shoes,Fashion,3,33492,Pune,NetBanking
909,2023-01-26,145,Raj,Watch,Fashion,10,32424,Bangalore,Cash
910,2023-02-08,115,Priya,Watch,Fashion,4,28497,Pune,NetBanking
911,2023-05-13,119,Amit,Laptop,Electronics,2,40620,Pune,NetBanking
912,2023-05-03,124,Amit,Table,Furniture,3,31051,Delhi,Card
913,2023-03-21,139,Pooja,Chair,Furniture,6,27993,Chennai,UPI
914,2023-06-09,135,Amit,Laptop,Electronics,5,34586,Mumbai,NetBanking
915,2023-08-21,147,Ankit,Table,Furniture,7,39063,Mumbai,UPI
916,2023-12-05,102,Suresh,Watch,Fashion,3,47132,Delhi,UPI
917,2023-07-13,137,Raj,Watch,Fashion,2,18452,Delhi,UPI
918,2023-12-06,125,Rohit,Laptop,Electronics,5,48145,Bangalore,UPI
919,2023-07-16,122,Priya,Mobile,Electronics,7,45687,Mumbai,Card
920,2023-10-20,123,Priya,Shoes,Fashion,5,49729,Mumbai,UPI
921,2023-04-14,119,Ankit,Shoes,Fashion,2,8862,Mumbai,Card
922,2023-09-28,149,Suresh,Shoes,Fashion,5,38957,Chennai,Card
923,2023-07-05,102,Ankit,Chair,Furniture,9,13181,Pune,NetBanking
924,2023-12-21,108,Pooja,Mobile,Electronics,6,32975,Chennai,Card
925,2023-08-05,130,Rohit,Shoes,Fashion,6,12959,Bangalore,Card
926,2023-12-30,124,Neha,Chair,Furniture,10,40610,Mumbai,Card
927,2023-08-29,133,Neha,Shoes,Fashion,3,6461,Chennai,UPI
928,2023-05-04,141,Ankit,Shoes,Fashion,7,26469,Bangalore,UPI
929,2023-06-17,139,Rohit,Shoes,Fashion,9,45442,Delhi,Cash
930,2023-04-06,118,Suresh,Shoes,Fashion,1,22440,Chennai,NetBanking
931,2023-01-03,144,Priya,Shoes,Fashion,6,48099,Mumbai,UPI
932,2023-08-09,118,Suresh,Mobile,Electronics,2,2741,Chennai,NetBanking
933,2023-01-25,121,Ankit,Shoes,Fashion,5,16705,Delhi,Card
934,2023-07-05,103,Neha,Table,Furniture,8,32443,Bangalore,Card
935,2023-04-14,129,Amit,Chair,Furniture,2,27300,Delhi,Card
936,2023-07-07,141,Suresh,Chair,Furniture,9,22975,Delhi,UPI
937,2023-06-07,134,Neha,Chair,Furniture,9,46798,Delhi,NetBanking
938,2023-11-03,146,Suresh,Chair,Furniture,2,8452,Bangalore,Card
939,2023-02-11,129,Raj,Watch,Fashion,2,28611,Pune,Cash
940,2023-02-22,130,Pooja,Shoes,Fashion,10,7251,Pune,Cash
941,2023-08-11,119,Pooja,Table,Furniture,10,13710,Bangalore,Card
942,2023-12-14,101,Amit,Watch,Fashion,8,42849,Delhi,NetBanking
943,2023-12-18,117,Suresh,Watch,Fashion,5,48258,Chennai,Card
944,2023-10-02,103,Priya,Table,Furniture,5,19658,Chennai,Cash
945,2023-11-18,132,Priya,Chair,Furniture,5,19547,Pune,UPI
946,2023-04-27,115,Ankit,Shoes,Fashion,9,25757,Pune,NetBanking
947,2023-05-13,145,Neha,Mobile,Electronics,7,4316,Mumbai,UPI
948,2023-07-01,125,Rohit,Shoes,Fashion,7,43688,Pune,Card
949,2023-06-26,146,Neha,Mobile,Electronics,7,22131,Bangalore,Cash
950,2023-08-29,124,Neha,Mobile,Electronics,8,36751,Chennai,NetBanking
951,2023-05-29,134,Suresh,Table,Furniture,3,10324,Mumbai,UPI
952,2023-02-27,109,Ankit,Chair,Furniture,8,24548,Bangalore,NetBanking
953,2023-10-18,112,Amit,Shoes,Fashion,3,41314,Mumbai,NetBanking
954,2023-03-05,123,Pooja,Table,Furniture,9,15299,Pune,NetBanking
955,2023-03-28,114,Neha,Laptop,Electronics,4,47429,Delhi,NetBanking
956,2023-12-31,117,Ankit,Shoes,Fashion,7,47045,Bangalore,NetBanking
957,2023-08-26,125,Rohit,Watch,Fashion,5,3674,Chennai,Card
958,2023-12-18,144,Raj,Shoes,Fashion,3,17190,Delhi,Cash
959,2023-02-06,150,Ankit,Laptop,Electronics,2,29466,Mumbai,Cash
960,2023-10-10,114,Suresh,Chair,Furniture,1,3120,Delhi,NetBanking
961,2023-07-25,122,Raj,Table,Furniture,9,16408,Bangalore,Cash
962,2023-01-07,103,Raj,Table,Furniture,8,21620,Chennai,Card
963,2023-04-05,140,Ankit,Mobile,Electronics,2,6443,Bangalore,Cash
964,2023-03-18,117,Priya,Table,Furniture,10,7225,Pune,UPI
965,2023-05-19,150,Ankit,Mobile,Electronics,2,17522,Chennai,Cash
966,2023-07-28,150,Neha,Mobile,Electronics,4,41795,Chennai,Cash
967,2023-06-13,129,Raj,Table,Furniture,1,13216,Bangalore,Cash
968,2023-02-01,133,Amit,Shoes,Fashion,5,8244,Bangalore,Cash
969,2023-06-25,139,Ankit,Mobile,Electronics,1,26672,Delhi,Card
970,2023-05-10,133,Priya,Watch,Fashion,8,38575,Chennai,UPI
971,2023-12-04,130,Pooja,Mobile,Electronics,4,49370,Mumbai,UPI
972,2023-10-30,104,Neha,Mobile,Electronics,4,9359,Delhi,Cash
973,2023-06-10,143,Rohit,Laptop,Electronics,6,30285,Delhi,UPI
974,2023-10-16,129,Rohit,Laptop,Electronics,9,5225,Pune,UPI
975,2023-05-23,142,Ankit,Laptop,Electronics,6,35995,Pune,Cash
976,2023-10-16,118,Rohit,Shoes,Fashion,7,3744,Mumbai,Card
977,2023-04-04,122,Ankit,Laptop,Electronics,7,27966,Pune,Card
978,2023-06-22,128,Pooja,Laptop,Electronics,3,39541,Pune,Card
979,2023-11-14,139,Pooja,Mobile,Electronics,8,35588,Chennai,Card
980,2023-09-17,115,Suresh,Mobile,Electronics,2,6558,Delhi,Card
981,2023-09-01,123,Priya,Laptop,Electronics,10,24997,Chennai,UPI
982,2023-06-30,117,Raj,Table,Furniture,7,19201,Delhi,NetBanking
983,2023-12-14,111,Suresh,Laptop,Electronics,1,10630,Delhi,NetBanking
984,2023-05-07,118,Ankit,Shoes,Fashion,8,17416,Delhi,Cash
985,2023-03-10,102,Amit,Shoes,Fashion,6,13359,Mumbai,Cash
986,2023-09-09,138,Rohit,Watch,Fashion,7,13136,Mumbai,Cash
987,2024-01-01,144,Ankit,Mobile,Electronics,7,47152,Bangalore,NetBanking
988,2023-08-23,105,Neha,Mobile,Electronics,7,2413,Pune,NetBanking
989,2023-04-13,143,Amit,Laptop,Electronics,8,29246,Delhi,UPI
990,2023-08-05,114,Priya,Mobile,Electronics,7,2175,Delhi,Cash
991,2023-07-29,117,Neha,Mobile,Electronics,6,40353,Bangalore,NetBanking
992,2023-08-13,127,Ankit,Laptop,Electronics,10,22345,Delhi,NetBanking
993,2023-01-18,115,Raj,Shoes,Fashion,9,29994,Delhi,Card
994,2023-01-12,142,Amit,Chair,Furniture,4,1614,Pune,UPI
995,2023-06-21,118,Rohit,Chair,Furniture,8,37013,Mumbai,Card
996,2023-11-14,136,Pooja,Mobile,Electronics,10,41264,Chennai,Card
997,2023-06-30,120,Neha,Laptop,Electronics,2,24624,Bangalore,NetBanking
998,2023-07-15,119,Amit,Table,Furniture,3,2941,Bangalore,UPI
999,2023-05-16,113,Ankit,Watch,Fashion,10,17299,Delhi,NetBanking
1000,2023-03-31,119,Rohit,Mobile,Electronics,1,8817,Chennai,UPI
